[{"_id":{"$oid":"605d001e0479bf0f00269afb"},"contactName":"Jhon Mark","contactJobTitle":"","contactEmail":"jhon@gmail.com","contactPhone":"770-569-7894"},
{"_id":{"$oid":"605d0264a21b8c1e4c7018f0"},"contactName":"kamrul Islam","contactJobTitle":"IT Administrator","contactEmail":"kislamri@gmail.com","contactPhone":"4049575583","companyName":"ABC Technologies Ltd","__v":0},
{"_id":{"$oid":"605d02b8a21b8c1e4c7018f1"},"contactName":"Farhat Lamia Hessen","contactJobTitle":"Manager","contactEmail":"flamia@gmail.com","contactPhone":"678-785-9562","companyName":"ABC Limited","__v":0},
{"_id":{"$oid":"605d2dac4c56462950568fc7"},"contactName":"Andrew Hasmi","contactJobTitle":"Software Engineer II","contactEmail":"andrew@honeywell.com","contactPhone":"(703) 584-4512","companyName":"Honeywell Ltd","__v":0},
{"_id":{"$oid":"605d2ed44c56462950568fc8"},"contactName":"Timothy Fowler","contactJobTitle":"Customer Service Manager","contactEmail":"tflower@abc.com","contactPhone":"(404)578-9845","companyName":"ABC Limited","__v":0},
{"_id":{"$oid":"605d2f404c56462950568fc9"},"contactName":"Prakash Batchu","contactJobTitle":"Engineer","contactEmail":"smeneses@ebay.com","contactPhone":"(701) 549-7845","companyName":"Ebay Enterprises Ltd","__v":0},
{"_id":{"$oid":"605d56c3fd88cf19951bdf07"},"contactName":"Abeda Hasmi","contactJobTile":"Web Developer","contactEmail":"ahasmi@iscampus.com","contactPhone":"(404)542-6578","companyName":"Ismat Campust Academy"},
{"_id":{"$oid":"605d56c3fd88cf19951bdf08"},"contactName":"Selam Brown","contactJobTile":"Auditior","contactEmail":"sbrown@abc.com","contactPhone":"(453)542-6523","companyName":"ABC Finance LLC"}]
